,City,Cloudiness,Country,Date,Humidity,Lattitude,Longitude,Max Temp,Wind Speed
0,Mizan Teferi,93,ET,1559258620,90,6.99,35.58,290.619,1.3
1,Victoria,75,BN,1559258375,88,5.28,115.24,300.15,4.82
2,Lavrentiya,93,RU,1559258620,67,65.58,-170.99,279.019,4.38
3,Samarai,100,PG,1559258621,76,-10.62,150.67,299.219,3.33
4,Buritis,11,BR,1559258621,59,-15.62,-46.42,296.019,0.63
5,Lebu,87,ET,1559258621,79,8.96,38.73,288.219,0.87
6,Padilla,75,CO,1559258621,73,3.23,-76.31,297.15,2.6
7,Beira,0,ES,1559258621,72,43.2,-8.36,294.15,0.5
8,Ushuaia,20,AR,1559258622,74,-54.81,-68.31,276.15,4.6
9,Mayna,100,RU,1559258622,87,53.0,91.49,284.419,4.97
10,Arraial do Cabo,0,BR,1559258622,83,-22.97,-42.02,297.15,6.2
11,Beihai,0,CN,1559258622,63,38.95,121.19,292.15,1.0
12,Hobart,75,AU,1559258623,71,-42.88,147.33,285.37,4.1
13,Saint-Philippe,20,CA,1559258623,49,45.36,-73.48,295.37,6.7
14,Zhigansk,0,RU,1559258623,56,66.77,123.37,280.619,7.37
15,Atuona,12,PF,1559258623,75,-9.8,-139.03,301.719,7.65
16,Rikitea,25,PF,1559258623,83,-23.12,-134.97,298.419,7.04
17,Matagami,100,NG,1559258624,86,9.67,8.4,295.219,1.05
18,Bethel,75,US,1559258624,41,60.79,-161.76,289.15,4.1
19,Clyde River,5,CA,1559258625,80,70.47,-68.59,275.15,1.0
20,Leningradskiy,76,RU,1559258625,98,69.38,178.42,273.419,2.12
21,Tiznit,1,MA,1559258577,89,29.7,-9.73,292.119,1.39
22,Yellowknife,40,CA,1559258625,56,62.45,-114.38,280.15,1.5
23,Takaka,100,NZ,1559258625,79,-40.86,172.81,287.59,0.45
24,Tuktoyaktuk,75,CA,1559258625,56,69.44,-133.03,279.15,6.7
25,Barrow,100,AR,1559258626,69,-38.31,-60.23,280.619,2.12
26,Bredasdorp,67,ZA,1559258626,93,-34.53,20.04,284.15,2.1
27,Albany,90,US,1559258476,64,42.65,-73.75,294.82,2.6
28,Ilulissat,5,GL,1559258626,70,69.22,-51.1,280.15,2.6
29,Punta Arenas,0,CL,1559258627,92,-53.16,-70.91,272.15,1.0
30,Bilibino,1,RU,1559258627,83,68.06,166.44,279.219,1.2
31,Chokurdakh,100,RU,1559258627,77,70.62,147.9,276.519,6.52
32,Opunake,67,NZ,1559258627,75,-39.45,173.86,287.04,2.68
33,Busselton,30,AU,1559258628,36,-33.64,115.35,287.04,6.18
34,Kapaa,20,US,1559258628,65,22.08,-159.32,302.15,5.7
35,Georgetown,40,GY,1559258468,83,6.8,-58.16,302.15,5.1
36,Sisimiut,4,GL,1559258629,69,66.94,-53.67,276.719,8.41
37,Sapa,40,PH,1559258629,70,14.32,120.76,304.26,1.0
38,Thinadhoo,100,MV,1559258467,82,0.53,72.93,300.919,7.96
39,Miles City,1,US,1559258629,29,46.41,-105.84,299.82,3.6
40,Liverpool,40,GB,1559258416,77,53.41,-2.98,289.15,3.1
41,Sydney,0,AU,1559258585,53,-33.85,151.22,287.59,5.7
42,Harper,1,US,1559258630,69,30.3,-99.24,302.15,2.1
43,Jamestown,1,AU,1559258630,82,-33.21,138.6,283.219,1.8
44,Dikson,69,RU,1559258630,91,73.51,80.55,273.019,9.99
45,Port Alfred,97,ZA,1559258473,78,-33.59,26.89,286.619,1.09
46,Msanga,7,TZ,1559258631,91,-6.04,36.03,290.019,1.66
47,Cherskiy,18,RU,1559258631,32,68.75,161.3,289.219,2.73
48,Cape Town,1,ZA,1559258631,100,-33.93,18.42,286.48,1.0
49,Narsaq,0,GL,1559258631,17,60.91,-46.05,287.15,6.7
50,Longyearbyen,75,NO,1559258631,74,78.22,15.63,274.15,9.3
51,Yumen,0,CN,1559258632,19,40.29,97.04,291.619,3.05
52,Bluff,83,AU,1559258632,28,-23.58,149.07,289.419,8.19
53,Airai,65,TL,1559258632,65,-8.93,125.41,299.819,3.61
54,Norman Wells,75,CA,1559258632,66,65.28,-126.83,283.15,1.5
55,Oranjestad,40,AW,1559258507,70,12.52,-70.03,303.15,7.2
56,Debre Tabor,94,ET,1559258633,68,11.86,38.01,290.919,1.63
57,Viedma,100,AR,1559258633,70,-40.81,-62.99,282.419,3.89
58,Ribeira Grande,74,PT,1559258633,93,38.52,-28.7,292.019,3.96
59,Isangel,20,VU,1559258633,73,-19.55,169.27,298.15,2.1
60,Scranton,90,US,1559258543,93,41.41,-75.66,293.15,1.5
61,Tazmalt,0,DZ,1559258634,87,36.39,4.4,287.15,2.1
62,Westport,100,IE,1559258634,93,53.8,-9.52,287.04,0.45
63,Sitka,0,US,1559258634,35,37.17,-99.65,298.15,1.79
64,Chuy,100,UY,1559258634,76,-33.69,-53.46,287.819,6.18
65,Batesville,20,US,1559258635,57,35.77,-91.64,301.48,2.6
66,Hilo,90,US,1559258635,65,19.71,-155.08,300.93,4.1
67,Ponta do Sol,79,BR,1559258635,90,-20.63,-46.0,292.819,1.86
68,Pedernales,62,EC,1559258635,82,0.07,-80.05,298.119,4.27
69,Namatanai,84,PG,1559258635,80,-3.66,152.44,300.819,3.48
70,Sundsvall,59,SE,1559258636,81,62.39,17.31,279.15,5.1
71,Carnarvon,55,ZA,1559258636,30,-30.97,22.13,287.219,3.32
72,La Tijera,0,MX,1559258636,16,29.35,-110.8,307.59,5.51
73,Sohag,0,EG,1559258636,18,26.55,31.7,307.15,3.1
74,Asyut,0,EG,1559258636,45,27.18,31.19,303.15,7.7
75,Ust-Kulom,100,RU,1559258636,94,61.69,53.69,287.619,4.56
76,Correntina,40,BR,1559258474,68,-13.34,-44.63,295.819,1.88
77,Raudeberg,92,NO,1559258637,75,61.99,5.14,280.15,6.7
78,Hervey Bay,63,AU,1559258637,25,-25.3,152.85,288.15,3.1
79,Dzilam Gonzalez,67,MX,1559258637,82,21.28,-88.93,301.719,9.02
80,Mackay,90,CA,1559258637,42,53.65,-115.58,292.15,3.6
81,Oakdale,0,US,1559258638,39,44.96,-92.97,301.48,2.16
82,Fairbanks,40,US,1559258638,24,64.84,-147.72,297.59,5.1
83,Butaritari,100,KI,1559258638,80,3.07,172.79,301.719,7.42
84,Waingapu,78,ID,1559258639,72,-9.65,120.26,298.219,6.27
85,Inirida,100,CO,1559258639,98,3.87,-67.92,295.919,0.34
86,Kaitangata,90,NZ,1559258639,89,-46.28,169.85,279.26,1.79
87,Hay River,40,CA,1559258639,55,60.82,-115.79,277.15,5.7
88,Thompson,90,CA,1559258640,65,55.74,-97.86,278.15,3.1
89,Pangnirtung,3,CA,1559258640,57,66.15,-65.72,281.119,1.89
90,Haines Junction,53,CA,1559258640,32,60.75,-137.51,289.319,4.53
91,Guerrero Negro,5,MX,1559258640,84,27.97,-114.04,290.919,6.79
92,Vila Franca do Campo,40,PT,1559258641,93,37.72,-25.43,292.15,2.1
93,Abu Samrah,22,SY,1559258641,29,35.3,37.18,300.219,3.78
94,Manitouwadge,0,CA,1559258641,31,49.12,-85.84,287.219,2.79
95,Castro,90,CL,1559258641,93,-42.48,-73.76,284.15,6.2
96,Xuddur,55,SO,1559258642,80,4.12,43.89,296.619,7.84
97,Dalvik,99,SE,1559258642,87,57.79,14.13,284.82,6.7
98,Tiksi,82,RU,1559258642,95,71.64,128.87,273.619,2.85
99,Marienburg,75,DE,1559258642,82,52.12,9.98,289.82,2.1
100,Saint-Joseph,0,FR,1559258643,67,43.56,6.97,291.15,1.5
101,Mataura,75,NZ,1559258643,97,-46.19,168.86,279.82,1.76
102,Shingu,75,JP,1559258643,60,33.72,135.99,293.15,3.1
103,Avarua,90,CK,1559258643,69,-21.21,-159.78,300.15,6.2
104,Provideniya,90,RU,1559258644,65,64.42,-173.23,278.15,5.0
105,Puerto Ayora,20,EC,1559258384,65,-0.74,-90.35,300.15,8.7
106,Kysyl-Syr,26,RU,1559258644,30,63.9,122.77,287.219,5.94
107,Khatanga,100,RU,1559258644,84,71.98,102.47,279.819,6.9
108,Skibotn,40,NO,1559258645,70,69.39,20.27,280.15,8.2
109,Hermanus,36,ZA,1559258517,92,-34.42,19.24,286.48,0.89
110,Harrisonville,1,US,1559258604,41,38.65,-94.35,299.26,4.1
111,Bichura,5,RU,1559258645,37,50.59,107.6,288.719,2.17
112,Manchester,75,US,1559257895,68,43.0,-71.45,293.71,5.7
113,Vardo,90,US,1559258645,78,39.62,-77.74,298.15,3.1
114,Vila Velha,20,BR,1559258645,88,-3.71,-38.6,300.37,3.6
115,Kokoda,99,PG,1559258646,58,-8.88,147.74,296.719,0.72
116,Muroto,75,JP,1559258646,72,33.37,134.14,293.15,3.1
117,Nyagan,20,RU,1559258646,64,62.14,65.43,278.819,1.69
118,Stromness,40,CA,1559258646,60,42.87,-79.55,294.15,6.7
119,Pingliang,78,CN,1559258647,27,35.54,106.68,295.93,0.89
120,Tuatapere,82,NZ,1559258647,97,-46.13,167.69,279.82,5.58
121,Aden,98,YE,1559258647,65,12.79,45.03,304.119,4.03
122,Mayumba,7,GA,1559258647,84,-3.44,10.65,298.219,4.62
123,Prince Rupert,1,CA,1559258648,67,54.32,-130.32,290.15,2.6
124,Tautira,75,PF,1559258648,70,-17.73,-149.15,302.15,4.1
125,Great Falls,90,US,1559258648,59,47.5,-111.29,298.15,2.1
126,Ojinaga,40,US,1559258649,28,29.56,-104.41,308.15,6.2
127,Lorengau,59,PG,1559258649,78,-2.02,147.27,301.819,3.4
128,Santiago del Estero,0,AR,1559258413,84,-27.8,-64.26,286.919,0.25
129,Plerin,59,FR,1559258649,93,48.54,-2.78,287.59,0.5
130,Saskylakh,98,RU,1559258649,97,71.97,114.09,273.919,6.42
131,Nikolskoye,0,RU,1559258650,56,59.7,30.79,280.15,3.0
132,Greytown,0,ZA,1559258650,53,-29.06,30.59,280.819,1.38
133,Rio Grande,90,BR,1559258650,82,-32.03,-52.1,287.15,1.5
134,Primorsko-Akhtarsk,57,RU,1559258650,75,46.05,38.18,293.819,3.51
135,Trincomalee,100,LK,1559258651,78,8.58,81.23,299.719,3.62
136,Port Macquarie,0,AU,1559258651,60,-31.43,152.91,286.48,3.1
137,Kahului,40,US,1559258651,36,20.89,-156.47,306.15,8.2
138,Necochea,100,AR,1559258651,88,-38.55,-58.74,279.82,2.59
139,Kruisfontein,100,ZA,1559258651,78,-34.0,24.73,287.919,0.97
140,Natal,40,BR,1559258652,83,-5.81,-35.21,299.15,3.1
141,Soyo,59,AO,1559258652,81,-6.13,12.37,298.319,4.87
142,Sal Rei,75,CV,1559258652,73,16.18,-22.92,297.15,6.7
143,Gap,0,FR,1559258652,73,44.56,6.08,283.71,2.13
144,Tucurui,74,BR,1559258653,88,-3.77,-49.67,297.519,1.12
145,Auki,100,NG,1559258653,59,12.18,6.51,301.819,4.85
146,Menongue,76,AO,1559258653,44,-14.66,17.68,290.019,1.33
147,Sergeyevka,0,KZ,1559258653,63,53.88,67.42,287.819,3.77
148,Sorgun,69,TR,1559258654,81,39.81,35.19,288.319,2.28
149,Labytnangi,24,RU,1559258654,92,66.66,66.39,270.219,3.61
150,Takoradi,100,GH,1559258654,92,4.89,-1.75,297.419,1.97
151,Rocha,100,UY,1559258654,95,-34.48,-54.34,282.719,2.01
152,Coquimbo,0,CL,1559258655,82,-29.95,-71.34,288.15,4.1
153,Touros,20,BR,1559258655,94,-5.2,-35.46,298.15,2.6
154,Muros,0,ES,1559258655,52,42.77,-9.06,297.15,2.1
155,Yulara,0,AU,1559258655,64,-25.24,130.99,276.15,2.6
156,Ashland,75,US,1559258656,88,38.48,-82.64,294.82,1.96
157,Vestmanna,68,FO,1559258656,80,62.16,-7.17,277.15,4.6
158,Qaanaaq,0,GL,1559258656,74,77.48,-69.36,270.819,1.85
159,Vaini,89,IN,1559258656,88,15.34,74.49,298.619,0.64
160,Lagoa,0,PT,1559258657,52,37.14,-8.45,294.82,4.6
161,Hailar,97,CN,1559258657,65,49.2,119.7,284.619,5.12
162,Lata,0,IN,1559258657,43,30.78,78.62,273.419,5.16
163,Ruteng,88,ID,1559258657,68,-8.61,120.46,299.019,2.18
164,Maromitsa,88,RU,1559258658,94,59.87,48.01,285.919,3.59
165,San Rafael,2,AR,1559258659,71,-34.61,-68.33,282.319,1.41
166,Severo-Kurilsk,100,RU,1559258660,92,50.68,156.12,277.119,17.32
167,Bathsheba,75,BB,1559258660,88,13.22,-59.52,299.15,7.7
168,Porto Novo,40,BR,1559258661,88,-23.68,-45.44,294.15,1.5
169,Nerchinskiy Zavod,100,RU,1559258661,82,51.31,119.61,281.619,1.91
170,Borogontsy,100,RU,1559258661,52,62.67,131.17,287.819,4.72
171,Lompoc,1,US,1559258476,67,34.64,-120.46,296.48,6.7
172,Baykit,93,RU,1559258661,72,61.68,96.39,287.519,5.64
173,Dudinka,75,RU,1559258661,96,69.41,86.18,273.15,6.0
174,Alencon,5,FR,1559258662,93,48.43,0.08,286.48,0.82
175,Bereda,0,ES,1559258662,72,43.27,-7.54,292.15,0.5
176,Capitao Poco,100,BR,1559258592,97,-1.75,-47.06,296.619,0.99
177,Ugoofaaru,100,MV,1559258662,76,5.67,73.0,302.119,4.64
178,Anchorage,90,US,1559258599,66,61.22,-149.89,288.15,1.18
179,Noumea,40,NC,1559258380,69,-22.28,166.46,297.15,1.0
180,Hasaki,75,JP,1559258663,73,35.73,140.83,294.82,6.2
181,Luba,57,PH,1559258663,58,17.32,120.7,303.919,0.34
182,Dennery,90,LC,1559258663,94,13.9,-60.89,297.15,2.1
183,Vostok,99,RU,1559258663,52,46.45,135.83,288.019,5.7
184,Timmins,75,CA,1559258664,39,48.48,-81.33,283.15,5.1
185,Beloha,0,MG,1559258664,93,-25.17,45.06,290.819,2.97
186,New Norfolk,75,AU,1559258655,71,-42.78,147.06,285.37,4.1
187,Beringovskiy,0,RU,1559258664,55,63.05,179.32,282.019,2.98
188,Iqaluit,20,CA,1559258665,86,63.75,-68.52,277.15,2.1
189,New Philadelphia,1,US,1559258665,88,40.49,-81.45,295.37,2.6
190,Port Elizabeth,1,US,1559258665,94,39.31,-74.98,296.15,2.6
191,Guarapari,75,BR,1559258665,88,-20.67,-40.5,297.59,1.0
192,Marsaxlokk,0,MT,1559258665,93,35.84,14.54,289.82,1.5
193,Adrar,40,DZ,1559258665,17,27.87,-0.29,306.15,9.3
194,Bilma,61,NE,1559258666,42,18.69,12.92,303.619,5.22
195,Lasa,0,CY,1559258472,73,34.92,32.53,301.15,2.6
196,Yanam,100,IN,1559258666,83,16.73,82.22,302.419,1.66
197,Jalingo,82,NG,1559258666,66,10.3,10.93,298.219,1.19
198,Marawi,80,PH,1559258667,82,8.0,124.29,299.82,1.79
199,Gat,0,SN,1559258667,83,14.69,-16.54,295.15,8.7
200,Beian,75,NO,1559258667,86,63.66,9.57,279.26,8.2
201,Khabary,39,RU,1559258667,71,53.63,79.53,283.019,4.35
202,Ariquemes,100,BR,1559258668,74,-9.91,-63.03,298.119,0.5
203,Polunochnoye,38,RU,1559258668,96,60.87,60.43,284.419,0.83
204,Hendersonville,90,US,1559258472,73,36.3,-86.62,301.15,3.1
205,Kushiro,75,JP,1559258671,76,43.11,144.15,287.15,2.1
206,Haizhou,2,CN,1559258672,52,34.58,119.13,295.119,2.3
207,Fortuna,0,ES,1559258672,72,38.18,-1.13,291.48,1.0
208,Talara,0,PE,1559258672,290,-4.58,-81.27,290.15,6.2
209,Tigre,75,AR,1559258672,76,-34.42,-58.58,286.15,7.2
210,Magdagachi,88,RU,1559258672,40,53.45,125.8,288.419,4.3
211,Padang,100,ID,1559258481,71,-0.92,100.36,302.219,2.12
212,Tura,68,IN,1559258673,88,25.52,90.21,297.719,2.74
213,Saldanha,0,PT,1559258673,48,41.42,-6.55,291.819,2.58
214,Edgewood,75,US,1559258411,94,39.42,-76.29,297.15,2.1
215,Grenaa,100,DK,1559258674,93,56.42,10.88,286.15,4.6
216,Akdagmadeni,45,TR,1559258674,85,39.66,35.88,288.519,2.15
217,Nkhata Bay,33,MW,1559258674,94,-11.61,34.3,286.519,1.33
218,Umm Kaddadah,90,SD,1559258675,32,13.6,26.69,304.019,1.58
219,Flagstaff,90,US,1559258538,36,35.2,-111.65,294.82,5.1
220,Christchurch,40,NZ,1559258675,62,-43.53,172.64,285.37,3.6
221,Nanortalik,0,GL,1559258675,70,60.14,-45.24,276.719,1.31
222,Awjilah,17,LY,1559258675,25,29.14,21.3,301.519,4.32
223,Mar del Plata,94,AR,1559258676,69,-46.43,-67.52,277.419,2.86
224,Bacolod,69,PH,1559258676,76,10.68,122.95,302.419,3.53
225,Coihaique,75,CL,1559258632,80,-45.58,-72.07,277.15,2.1
226,Vidim,0,CZ,1559258676,62,50.47,14.53,285.37,2.6
227,Qasigiannguit,5,GL,1559258676,70,68.82,-51.19,280.15,2.6
228,Aquiraz,20,BR,1559258404,88,-3.9,-38.39,300.37,3.6
229,Avera,1,US,1559258677,32,33.19,-82.53,309.15,4.6
230,San Cristobal,40,EC,1559258677,71,-0.39,-78.55,289.15,4.1
231,Souillac,0,FR,1559258677,76,45.6,-0.6,289.26,2.92
232,Hambantota,100,LK,1559258677,83,6.12,81.12,301.019,7.27
233,Hithadhoo,100,MV,1559258653,77,-0.6,73.08,301.419,8.74
234,Boyolangu,63,ID,1559258678,86,-8.09,111.9,295.819,4.44
235,Cabo San Lucas,5,MX,1559258678,50,22.89,-109.91,303.71,6.7
236,Povolzhskiy,0,RU,1559258678,68,53.59,49.76,292.15,3.0
237,East London,100,ZA,1559258678,41,-33.02,27.91,289.719,1.34
238,Linfen,15,CN,1559258679,23,36.09,111.52,297.219,1.79
239,Huanren,0,CN,1559258679,50,41.26,125.37,287.519,3.58
240,Erdenet,8,MN,1559258679,45,49.03,104.04,286.419,1.39
241,Krylovskaya,22,RU,1559258679,61,46.32,39.96,292.319,3.36
242,Oneonta,92,US,1559258430,92,42.45,-75.06,291.48,4.02
243,Namibe,0,AO,1559258680,79,-15.19,12.15,292.819,6.24
244,Cidreira,100,BR,1559258680,76,-30.17,-50.22,290.219,8.93
245,Vaitape,88,PF,1559258680,67,-16.52,-151.75,300.519,1.95
246,Waipawa,100,NZ,1559258680,71,-39.94,176.59,286.48,4.92
247,Arani,20,IN,1559258681,74,13.33,80.08,304.15,3.6
248,Tasiilaq,13,GL,1559258681,80,65.61,-37.64,273.15,5.7
249,Zyryanka,100,RU,1559258681,38,65.73,150.89,293.419,5.62
250,Charagua,90,BO,1559258681,88,-19.79,-63.2,293.15,2.6
251,Sobolevo,67,RU,1559258681,87,54.43,31.9,285.119,2.84
252,Port Blair,100,IN,1559258682,71,11.67,92.75,302.819,4.81
253,Puerto Escondido,90,MX,1559258682,69,15.86,-97.07,301.15,4.1
254,Richards Bay,0,ZA,1559258682,72,-28.77,32.06,292.319,2.56
255,Moindou,40,NC,1559258682,69,-21.69,165.68,297.15,1.0
256,Torbay,20,CA,1559258682,86,47.66,-52.73,277.59,2.1
257,Chenzhou,99,CN,1559258683,93,25.81,113.03,293.719,1.1
258,Pacific Grove,90,US,1559258683,71,36.62,-121.92,296.48,3.6
259,Vestmannaeyjar,0,IS,1559258683,63,63.44,-20.27,281.019,4.2
260,Sao Jose da Coroa Grande,4,BR,1559258683,91,-8.9,-35.15,296.319,1.1
261,Chkalovsk,20,RU,1559258684,77,56.76,43.24,290.93,2.0
262,Agdas,40,AZ,1559258684,93,40.65,47.48,287.15,2.1
263,Palmer,75,AU,1559258684,93,-34.85,139.16,285.93,5.1
264,Fare,93,PF,1559258685,68,-16.7,-151.02,300.419,2.05
265,Port Hedland,0,AU,1559258685,34,-20.31,118.58,292.15,5.7
266,Upernavik,15,GL,1559258685,85,72.79,-56.15,273.619,2.28
267,Faanui,88,PF,1559258685,67,-16.48,-151.75,300.519,1.95
268,Worland,1,US,1559258686,18,44.02,-107.96,298.15,2.1
269,Mbandaka,100,CD,1559258686,93,0.05,18.26,295.419,1.18
270,Emerald,76,AU,1559258686,29,-23.53,148.16,285.93,8.2
271,Esperance,0,TT,1559258686,62,10.24,-61.45,302.15,5.7
272,Krasnyye Barrikady,0,RU,1559258687,68,46.2,47.86,292.04,1.0
273,Luanda,75,AO,1559258687,83,-8.83,13.24,297.15,3.6
274,Biak,92,ID,1559258687,96,-0.91,122.88,293.119,1.88
275,Uvira,61,CD,1559258687,99,-3.41,29.14,284.319,0.99
276,Jiquinlaca,40,HN,1559258688,100,14.0,-88.35,300.15,6.7
277,Suicheng,1,CN,1559258688,55,33.9,117.93,296.119,1.58
278,Nemuro,42,JP,1559258688,75,43.32,145.57,285.819,6.03
279,Semey,7,KZ,1559258688,65,50.41,80.25,286.019,3.4
280,Alofi,40,NU,1559258688,74,-19.06,-169.92,300.15,5.1
281,Havelock,1,US,1559258569,83,34.88,-76.9,306.15,7.2
282,Imbituba,90,BR,1559258415,94,-28.24,-48.67,293.15,2.1
283,Gusau,100,NG,1559258689,59,12.17,6.66,301.819,4.85
284,Sinop,2,TR,1559258689,82,42.03,35.15,291.519,2.38
285,Yeniseysk,98,RU,1559258690,89,58.45,92.17,282.019,5.52
286,College,40,US,1559258690,24,64.86,-147.8,296.48,5.1
287,Talnakh,75,RU,1559258690,89,69.49,88.39,273.15,6.0
288,Cartagena del Chaira,100,CO,1559258690,82,1.33,-74.84,297.719,0.78
289,Dukat,49,RS,1559258690,80,42.44,22.31,287.59,0.89
290,Batticaloa,100,LK,1559258690,89,7.71,81.69,297.719,0.54
291,Mechetinskaya,0,RU,1559258691,56,46.77,40.45,292.419,3.81
292,Alyangula,84,AU,1559258691,64,-13.85,136.42,296.15,2.6
293,Xinan,40,CN,1559258691,88,22.55,113.89,299.82,2.1
294,Portland,1,US,1559258629,50,45.52,-122.67,299.26,2.1
295,Mahebourg,40,MU,1559258691,93,-20.41,57.7,292.59,3.6
296,Elko,75,US,1559258611,71,40.83,-115.76,287.15,1.5
297,Stoke-on-Trent,90,GB,1559258692,82,53.02,-2.18,288.71,1.5
298,Hobyo,94,SO,1559258692,69,5.35,48.53,301.119,11.14
299,Mahanoro,5,MG,1559258692,95,-19.9,48.8,290.519,1.2
300,Husavik,4,CA,1559258693,28,50.56,-96.99,300.37,2.69
301,Vagay,97,RU,1559258693,85,57.94,69.02,285.819,1.2
302,Mandera,44,ET,1559258693,68,3.94,41.86,299.319,6.35
303,Zbiroh,20,CZ,1559258693,76,49.86,13.77,285.15,1.0
304,Kinkala,75,CG,1559258693,88,-4.35,14.75,297.15,2.1
305,Atlantic Beach,40,US,1559258478,55,30.33,-81.4,309.26,4.1
306,Baft,31,IR,1559258694,42,29.23,56.61,286.819,2.11
307,Koumac,100,NC,1559258694,72,-20.56,164.28,296.919,7.68
308,Boguchany,95,RU,1559258694,60,58.38,97.46,291.319,4.8
309,Richmond,20,CA,1559258697,68,49.16,-123.14,298.71,3.1
310,Kamenka,0,RU,1559258698,53,53.19,44.05,294.26,2.42
311,Miyako,90,JP,1559258698,77,33.63,130.94,294.82,5.1
312,Kavieng,53,PG,1559258585,76,-2.57,150.8,302.319,5.13
313,Ostrovnoy,1,RU,1559258698,56,68.05,39.51,281.119,6.45
314,Dossor,0,KZ,1559258698,49,47.52,52.98,296.619,4.11
315,Geraldton,90,CA,1559258699,32,49.72,-86.95,286.15,2.6
316,Kitimat,75,CA,1559258699,34,54.02,-128.69,300.15,4.6
317,Andros,0,GR,1559258699,56,37.83,24.93,294.82,0.5
318,Port Huron,40,US,1559258487,68,42.98,-82.44,295.37,4.1
319,Flin Flon,90,CA,1559258699,57,54.77,-101.88,282.15,4.1
320,Whyalla,90,AU,1559258700,71,-33.04,137.58,285.15,3.6
321,Kuytun,1,RU,1559258700,51,54.34,101.51,289.019,3.14
322,Yeppoon,75,AU,1559258700,31,-23.13,150.74,289.15,5.1
323,Constitucion,5,MX,1559258700,7,23.99,-104.67,303.15,4.6
324,Baraki Barak,17,AF,1559258701,65,33.97,68.95,284.119,1.34
325,Broome,34,GB,1559258701,77,52.47,1.45,290.37,4.6
326,Ushtobe,47,KZ,1559258701,27,45.25,77.98,294.619,2.77
327,Meulaboh,92,ID,1559258701,85,4.14,96.13,300.419,2.98
328,Ada,1,US,1559258702,20,47.3,-96.52,306.15,7.7
329,Pangkalanbuun,100,ID,1559258702,88,-2.68,111.62,298.719,1.17
330,Rundu,0,NA,1559258702,34,-17.91,19.77,291.15,2.1
331,Vila,0,IT,1559258702,72,45.18,8.4,290.37,2.1
332,Chapais,90,CA,1559258703,80,49.78,-74.86,277.15,6.2
333,Lagos,100,NG,1559258432,81,6.46,3.39,299.819,3.07
334,Seoul,20,KR,1559258655,68,37.57,126.98,291.15,2.1
335,Katherine,0,AU,1559258703,37,-14.47,132.26,292.15,6.7
336,Camacha,40,PT,1559258703,100,33.08,-16.33,294.82,5.7
337,Oranjemund,0,ZA,1559258703,91,-28.55,16.43,286.619,4.97
338,Kodyma,100,UA,1559258704,92,48.1,29.13,289.82,0.89
339,Salair,1,RU,1559258704,82,54.23,85.8,280.719,3.65
340,Paamiut,66,GL,1559258704,84,61.99,-49.67,276.019,3.85
341,Codrington,0,AU,1559258704,75,-28.95,153.24,285.37,4.1
342,Port Augusta,90,AU,1559258705,71,-32.49,137.76,285.15,3.6
343,Mount Gambier,90,AU,1559258705,100,-37.83,140.78,284.15,5.1
344,Whitehorse,75,CA,1559258415,33,60.72,-135.06,295.37,3.1
345,Lillooet,1,CA,1559258705,39,50.69,-121.94,301.15,2.6
346,Arlit,6,NE,1559258705,31,18.74,7.39,307.419,8.94
347,Maldonado,75,UY,1559258706,81,-34.91,-54.96,283.15,1.0
348,Goderich,100,CA,1559258706,76,43.74,-81.71,290.93,4.47
349,Seydi,100,NE,1559258706,41,13.34,7.75,305.119,4.65
350,Mae Hong Son,100,MM,1559258706,96,19.3,97.96,295.319,1.04
351,General Roca,75,AR,1559258707,87,-39.03,-67.58,281.15,2.6
352,Mareeba,92,AU,1559258707,73,-16.99,145.42,297.15,4.1
353,Margate,75,AU,1559258707,71,-43.03,147.26,285.37,4.1
354,Poum,1,MK,1559258707,86,41.28,20.71,280.819,1.0
355,Ishigaki,75,JP,1559258707,100,24.34,124.16,299.15,3.6
356,Medicine Hat,40,CA,1559258708,21,50.04,-110.68,302.15,9.3
357,Saint-Esteve,0,FR,1559258708,56,42.71,2.84,293.15,5.1
358,Zeya,99,RU,1559258708,45,53.74,127.27,285.419,4.7
359,Maniitsoq,67,GL,1559258708,57,65.42,-52.9,281.219,3.05
360,Ambilobe,46,MG,1559258709,90,-13.19,49.05,294.619,1.69
361,Gizo,0,IL,1559258709,83,31.8,34.94,299.26,4.1
362,Luderitz,9,NA,1559258709,77,-26.65,15.16,289.15,4.1
363,Pangai,20,TO,1559258709,83,-19.8,-174.35,299.15,2.6
364,Rongcheng,0,CN,1559258709,45,37.16,122.42,294.26,2.68
365,Muisne,71,EC,1559258710,80,0.61,-80.02,298.719,4.43
366,Axim,100,GH,1559258710,84,4.87,-2.24,299.019,3.67
367,Katsuura,75,JP,1559258710,82,33.93,134.5,295.93,1.5
368,Koulamoutou,99,GA,1559258710,98,-1.13,12.47,293.919,1.28
369,Thaba Nchu,31,ZA,1559258711,80,-29.2,26.83,278.15,0.5
370,Bagaces,40,CR,1559258711,78,10.53,-85.25,301.15,4.1
371,Grand Gaube,40,MU,1559258711,93,-20.01,57.66,292.59,3.6
372,Roald,36,NO,1559258711,81,62.58,6.12,279.26,7.2
373,Cairns,70,AU,1559258701,73,-16.92,145.77,297.15,4.1
374,Banda Aceh,100,ID,1559258505,74,5.56,95.32,302.019,2.84
375,Praia da Vitoria,20,PT,1559258712,83,38.73,-27.07,294.15,4.27
376,Mpongwe,0,ZM,1559258712,74,-13.51,28.16,285.819,2.45
377,San Patricio,100,PY,1559258712,97,-26.98,-56.83,290.419,1.12
378,Mpwapwa,1,TZ,1559258712,91,-6.35,36.49,290.319,1.61
379,Umm Lajj,100,SA,1559258713,49,25.02,37.27,305.919,6.0
380,Wasilla,90,US,1559258713,50,61.58,-149.44,288.15,6.7
381,Lakes Entrance,99,AU,1559258713,81,-37.88,147.99,287.04,1.34
382,Komsomolskiy,13,RU,1559258713,95,67.55,63.78,267.519,2.3
383,Ilo,34,PE,1559258714,85,-17.65,-71.34,291.619,2.06
384,Cabo Rojo,1,PR,1559258714,83,18.09,-67.15,299.82,2.6
385,Danielskuil,1,ZA,1559258714,30,-28.19,23.54,285.519,4.09
386,Galle,20,US,1559258714,70,29.74,-97.91,304.26,5.7
387,Galesong,40,ID,1559258714,88,-5.32,119.37,297.15,1.5
388,Luwuk,92,ID,1559258426,96,-0.95,122.79,293.119,1.88
389,Aklavik,20,CA,1559258715,49,68.22,-135.01,284.15,3.1
390,Nyaunglebin,100,MM,1559258715,90,17.95,96.73,298.519,1.73
391,Kirakira,18,SB,1559258715,73,-10.46,161.92,301.819,3.39
392,Pacocha,75,EC,1559258716,69,-1.05,-80.87,301.15,3.1
393,Klaksvik,82,FO,1559258716,80,62.23,-6.59,277.15,4.6
394,Hualmay,98,PE,1559258716,93,-11.1,-77.61,290.019,7.64
395,Hall,90,NL,1559258716,72,52.11,6.1,292.15,2.6
396,Chernyshevskiy,0,RU,1559258716,52,63.01,112.47,284.419,1.19
397,Hofn,24,IS,1559258717,82,64.25,-15.21,270.919,1.34
398,Atambua,66,ID,1559258717,72,-9.11,124.89,301.119,7.53
399,Bahia Blanca,100,AR,1559258717,68,-38.72,-62.27,281.919,3.35
400,Manggar,100,ID,1559258717,86,-2.88,108.27,299.019,2.15
401,Gallup,1,US,1559258539,16,35.53,-108.74,293.15,6.7
402,Koping,81,SE,1559258718,82,59.51,15.99,286.15,5.7
403,Saint-Pierre,0,FR,1559258718,100,48.95,4.24,285.15,2.1
404,Laguna,5,MX,1559258718,24,27.52,-110.01,307.15,5.7
405,Dingle,40,PH,1559258719,64,11.0,122.67,303.419,3.61
406,Menomonie,1,US,1559258719,36,44.88,-91.92,300.93,2.1
407,Port Keats,0,AU,1559258719,41,-14.25,129.55,295.019,9.81
408,Pevek,0,RU,1559258719,84,69.7,170.27,274.719,3.5
409,Ocean City,20,US,1559258720,74,30.44,-86.61,303.71,1.5
410,Miri,98,NG,1559258720,68,10.31,9.75,296.819,1.43
411,Kodiak,1,US,1559258720,44,39.95,-94.76,298.15,5.7
412,Marzuq,97,YE,1559258720,42,14.4,46.47,300.019,2.47
413,Ca Mau,100,VN,1559258682,80,9.18,105.15,301.719,1.71
414,Grindavik,0,IS,1559258720,70,63.84,-22.43,281.15,1.0
415,Buta,100,CD,1559258721,97,2.79,24.73,295.019,0.21
416,Plettenberg Bay,64,ZA,1559258721,74,-34.05,23.37,288.019,0.61
417,Lazaro Cardenas,5,MX,1559258721,6,28.39,-105.62,307.15,2.6
418,Tondano,20,ID,1559258721,94,1.3,124.91,297.15,0.5
419,Markova,0,RU,1559258722,50,52.21,104.21,286.15,4.0
420,Srisailam,53,IN,1559258722,46,16.07,78.87,305.319,2.06
421,Harnosand,63,SE,1559258722,80,62.63,17.94,278.71,3.1
422,Adre,98,TD,1559258722,62,13.47,22.2,297.919,2.79
423,Aguas Verdes,75,EC,1559258722,33,-3.48,-80.25,305.15,3.1
424,Shellbrook,75,CA,1559258546,48,53.22,-106.39,292.15,6.2
425,Novosil,63,RU,1559258723,92,52.97,37.04,290.719,2.69
426,Bozhou,1,CN,1559258723,47,33.86,115.78,296.819,0.19
427,Belmonte,0,PT,1559258723,37,40.36,-7.35,293.71,0.45
428,Shasta Lake,91,US,1559258723,35,40.68,-122.36,301.15,2.6
429,Ancud,90,CL,1559258724,93,-41.87,-73.83,284.15,6.2
430,Luau,11,CD,1559258724,50,-10.7,22.23,291.319,2.33
431,Kautokeino,21,NO,1559258724,70,69.01,23.04,275.519,2.79
432,Mitu,0,IR,1559258724,43,36.2,46.09,285.319,1.95
433,Kilindoni,11,TZ,1559258724,74,-7.91,39.67,300.119,5.7
434,Dawlatabad,0,AF,1559258725,37,36.41,64.91,296.219,5.51
435,Challapata,29,BO,1559258725,38,-18.9,-66.78,279.719,2.8
436,Middletown,90,US,1559258725,88,41.45,-74.42,292.15,2.1
437,Tulun,0,RU,1559258725,45,54.56,100.58,290.219,1.38
438,Xai-Xai,0,MZ,1559258726,85,-25.04,33.64,291.719,2.71
439,Celestun,53,MX,1559258726,81,20.87,-90.4,301.919,9.63
440,Rincon,1,US,1559258466,30,32.3,-81.24,309.15,4.6
441,Tailai,28,CN,1559258726,46,46.39,123.41,290.719,4.84
442,Bambous Virieux,40,MU,1559258726,93,-20.34,57.76,292.59,3.6
443,Yar-Sale,98,RU,1559258727,95,66.83,70.83,273.919,6.2
444,Tokur,100,RU,1559258727,45,53.13,132.9,287.719,0.51
445,Acari,48,BR,1559258727,79,-6.44,-36.64,297.919,6.65
446,Mahibadhoo,78,MV,1559258727,73,3.78,72.97,301.819,4.55
447,Ust-Uda,6,RU,1559258727,46,54.17,103.03,289.419,3.26
448,La Plata,75,AR,1559258709,81,-34.92,-57.95,286.15,4.6
449,Gondanglegi,55,ID,1559258728,80,-7.75,112.01,297.419,4.24
450,Saint-Augustin,0,FR,1559258728,77,44.83,-0.61,289.26,2.1
451,Nouadhibou,0,MR,1559258728,88,20.93,-17.03,291.15,6.7
452,Shenjiamen,84,CN,1559258729,83,29.96,122.3,292.319,4.65
453,Saint George,40,GR,1559258443,55,39.45,22.34,291.15,2.1
454,Ahipara,100,NZ,1559258730,100,-35.17,173.16,287.59,12.63
455,Naples,75,US,1559258730,74,26.14,-81.79,304.15,5.7
456,Mossendjo,99,CG,1559258730,99,-2.95,12.72,293.419,0.74
457,Akureyri,90,IS,1559258730,69,65.68,-18.09,277.15,4.1
458,Sao Borja,77,BR,1559258730,97,-28.66,-56.0,288.319,2.84
459,Santo Antonio do Sudoeste,13,BR,1559258731,99,-26.07,-53.73,292.019,1.12
460,Dauphin,1,CA,1559258731,32,51.15,-100.04,300.15,5.1
461,Omboue,80,GA,1559258731,85,-1.57,9.26,298.619,5.63
462,Matara,31,PE,1559258731,63,-13.74,-72.9,275.319,1.92
463,La Reforma,75,GT,1559258732,74,14.8,-91.82,300.15,2.1
464,Jiangkou,46,CN,1559258732,79,30.7,117.56,294.319,2.2
465,Barra do Garcas,0,BR,1559258640,74,-15.89,-52.26,300.15,2.1
466,Khandbari,2,NP,1559258732,70,27.38,87.21,283.519,1.45
467,Kultuk,0,RU,1559258733,37,51.73,103.71,278.71,2.24
468,Tecoanapa,75,MX,1559258733,74,16.99,-99.26,303.15,3.6
469,Hammerfest,75,NO,1559258733,75,70.66,23.68,278.15,9.3
470,Russell,90,AR,1559258733,76,-33.01,-68.8,283.15,1.5
471,Waitati,86,NZ,1559258734,80,-45.75,170.57,283.15,0.45
472,Pringsewu,86,ID,1559258734,87,-5.36,104.98,296.819,1.28
473,Palauig,72,PH,1559258734,69,15.44,119.9,303.519,2.44
474,Dolores,70,UY,1559258734,77,-33.53,-58.22,285.519,6.18
475,Jumla,0,NP,1559258735,41,29.28,82.18,280.419,2.53
476,Birsk,25,RU,1559258735,94,55.42,55.54,290.219,3.5
477,Amazar,81,RU,1559258735,37,53.86,120.88,285.619,3.6
478,Havre-Saint-Pierre,90,CA,1559258735,81,50.23,-63.6,279.15,7.2
479,Helena,20,US,1559258736,29,46.59,-112.04,297.15,5.7
480,Aykhal,0,RU,1559258736,43,65.95,111.51,283.15,3.0
481,Batagay-Alyta,73,RU,1559258736,82,67.8,130.41,276.619,1.32
482,Elizabeth City,1,US,1559258736,32,36.3,-76.22,308.15,4.1
483,Palmares,3,BR,1559258737,96,-8.68,-35.59,293.119,2.02
484,Saint-Marc,1,HT,1559258737,64,19.1,-72.7,301.119,0.87
485,Ust-Omchug,96,RU,1559258737,58,61.13,149.63,285.019,4.3
486,Bubaque,0,GW,1559258737,79,11.28,-15.83,299.119,6.73
487,Manakara,0,MG,1559258737,95,-22.14,48.01,291.419,1.47
488,Port Lincoln,99,AU,1559258738,73,-34.72,135.86,286.919,2.72
489,Mapastepec,100,MX,1559258738,79,15.44,-92.9,298.419,3.51
490,Copiapo,0,CL,1559258738,72,-27.37,-70.33,289.15,4.6
491,Shitanjing,96,CN,1559258738,19,39.23,106.34,290.37,4.65
492,Sibolga,98,ID,1559258698,75,1.74,98.78,301.619,3.08
493,Salamanca,0,ES,1559258738,45,40.97,-5.66,290.15,3.6
494,Martinsville,1,US,1559258508,35,36.69,-79.87,306.15,1.49
495,Mbaiki,100,CF,1559258739,93,3.87,17.99,294.919,1.34
496,Clarence Town,0,AU,1559258739,61,-32.59,151.78,284.82,9.3
497,Rome,20,IT,1559258656,93,41.89,12.48,288.15,0.5
498,Tateyama,75,JP,1559258739,43,36.66,137.31,297.04,6.7
499,Puerto Narino,75,CO,1559258740,88,-3.77,-70.38,301.15,1.0
500,Itaituba,91,BR,1559258740,92,-4.26,-55.99,297.319,0.76
501,Pinsk,63,BY,1559258740,84,52.11,26.1,284.619,2.12
502,Mwinilunga,0,ZM,1559258740,67,-11.73,24.43,286.119,1.55
503,Saint-Paul,0,FR,1559258740,87,45.22,1.9,286.48,1.0
504,Paulista,65,BR,1559258741,92,-6.6,-37.62,295.319,3.17
505,Mao,40,DO,1559258741,88,19.55,-71.08,302.15,8.2
506,Genhe,39,CN,1559258741,42,50.78,121.52,285.219,3.33
507,Ponta Delgada,40,PT,1559258741,93,37.73,-25.67,292.15,2.1
508,Stranraer,90,CA,1559258742,48,51.71,-108.48,291.15,6.7
509,Sao Gabriel da Cachoeira,100,BR,1559258742,97,-0.13,-67.09,296.719,1.08
510,Bayonne,90,US,1559258742,93,40.67,-74.11,291.48,2.16
511,Kurilsk,0,RU,1559258742,77,45.23,147.88,283.719,4.03
512,Wiang Sa,75,TH,1559258742,94,8.64,99.37,300.93,1.5
513,Ossora,90,RU,1559258743,53,59.24,163.07,286.119,3.09
514,Bindi,99,NG,1559258743,47,12.86,8.84,302.719,2.54
515,Colares,0,PT,1559258743,33,38.8,-9.45,299.26,4.1
516,Barreirinhas,86,BR,1559258743,96,-2.75,-42.83,297.019,1.55
517,Orchard Homes,1,US,1559258744,33,46.86,-114.05,297.15,6.7
518,Hovd,75,NO,1559258744,75,63.83,10.7,280.37,7.2
519,Te Anau,95,NZ,1559258744,79,-45.41,167.72,277.319,1.08
520,Faya,0,SA,1559258744,55,18.39,42.45,293.15,0.25
521,Walvis Bay,22,NA,1559258745,87,-22.95,14.51,287.59,3.1
522,Yangshe,61,CN,1559258745,92,31.89,120.61,297.59,0.45
523,Charters Towers,100,AU,1559258745,49,-20.07,146.27,291.319,5.23
524,Bandiagara,65,ML,1559258745,16,14.35,-3.61,312.619,1.11
525,Innisfail,90,CA,1559258493,39,52.02,-113.95,292.04,6.7
526,Sinnamary,98,GF,1559258745,81,5.38,-52.96,300.719,6.8
527,Hirara,75,JP,1559258745,94,24.8,125.28,299.15,3.1
528,Burns Lake,50,CA,1559258746,30,54.23,-125.76,295.819,1.94
529,Russellville,1,US,1559258746,50,35.28,-93.13,300.37,5.7
530,Sorong,70,ID,1559258456,81,-0.86,131.25,301.219,1.11
531,Svay Rieng,93,KH,1559258746,76,11.08,105.8,301.619,1.91
532,Gobabis,0,NA,1559258746,32,-22.45,18.97,286.15,1.5
533,Big Spring,1,US,1559258526,64,32.25,-101.48,302.04,5.1
534,Newala,3,TZ,1559258747,87,-10.94,39.28,292.119,0.76
535,Sao Filipe,1,CV,1559258747,87,14.9,-24.5,296.719,7.18
536,Nioro,51,GM,1559258747,27,13.79,-15.05,305.019,4.14
